-- MySQL Workbench Forward Engineering

SET @OLD_UNIQUE_CHECKS=@@UNIQUE_CHECKS, UNIQUE_CHECKS=0;
SET @OLD_FOREIGN_KEY_CHECKS=@@FOREIGN_KEY_CHECKS, FOREIGN_KEY_CHECKS=0;
SET @OLD_SQL_MODE=@@SQL_MODE, SQL_MODE='ONLY_FULL_GROUP_BY,STRICT_TRANS_TABLES,NO_ZERO_IN_DATE,NO_ZERO_DATE,ERROR_FOR_DIVISION_BY_ZERO,NO_ENGINE_SUBSTITUTION';

-- -----------------------------------------------------
-- Schema dbreservaciones
-- -----------------------------------------------------
DROP SCHEMA IF EXISTS `dbreservaciones` ;

-- -----------------------------------------------------
-- Schema dbreservaciones
-- -----------------------------------------------------
CREATE SCHEMA IF NOT EXISTS `dbreservaciones` DEFAULT CHARACTER SET utf8 ;
USE `dbreservaciones` ;

-- -----------------------------------------------------
-- Table `usuario`
-- -----------------------------------------------------
DROP TABLE IF EXISTS `usuario` ;

CREATE TABLE IF NOT EXISTS `usuario` (
  `id_usuario` INT NOT NULL AUTO_INCREMENT,
  `nombre` VARCHAR(45) NOT NULL,
  `apellido` VARCHAR(45) NOT NULL,
  `correo` VARCHAR(45) NOT NULL,
  `telefono` INT NOT NULL,
  `contrasena` VARCHAR(45) NOT NULL,
  `permisos` INT NOT NULL,
  PRIMARY KEY (`id_usuario`))
ENGINE = InnoDB;


-- -----------------------------------------------------
-- Table `reserva`
-- -----------------------------------------------------
DROP TABLE IF EXISTS `reserva` ;

CREATE TABLE IF NOT EXISTS `reserva` (
  `id_reservaciones` INT NOT NULL AUTO_INCREMENT,
  `fecha_hora` VARCHAR(45) NOT NULL,
  `personas` INT NOT NULL,
  PRIMARY KEY (`id_reservaciones`))
ENGINE = InnoDB;


-- -----------------------------------------------------
-- Table `usuario_reserva`
-- -----------------------------------------------------
DROP TABLE IF EXISTS `usuario_reserva` ;

CREATE TABLE IF NOT EXISTS `usuario_reserva` (
  `id_usuario_reserva` INT NOT NULL AUTO_INCREMENT,
  `id_usuario` INT NOT NULL,
  `id_reservaciones` INT NOT NULL,
  PRIMARY KEY (`id_usuario_reserva`),
  CONSTRAINT `fk_usuarios_reservaciones_usuario1`
    FOREIGN KEY (`id_usuario`)
    REFERENCES `usuario` (`id_usuario`)
    ON DELETE NO ACTION
    ON UPDATE NO ACTION,
  CONSTRAINT `fk_usuarios_reservaciones_reservaciones1`
    FOREIGN KEY (`id_reservaciones`)
    REFERENCES `reserva` (`id_reservaciones`)
    ON DELETE NO ACTION
    ON UPDATE NO ACTION)
ENGINE = InnoDB;


SET SQL_MODE=@OLD_SQL_MODE;
SET FOREIGN_KEY_CHECKS=@OLD_FOREIGN_KEY_CHECKS;
SET UNIQUE_CHECKS=@OLD_UNIQUE_CHECKS;


-- Insertar 20 usuarios en la tabla
INSERT INTO usuario (id_usuario, nombre, apellido, correo, telefono, contrasena, permisos)
VALUES
  (1, 'Juan', 'Perez', 'juan.perez@example.com', '123456789', 'contrasena1', 1),
  (2, 'Maria', 'Gomez', 'maria.gomez@example.com', '987654321', 'contrasena2', 2),
  (3, 'Carlos', 'Rodriguez', 'carlos.rodriguez@example.com', '456789123', 'contrasena3', 3),
  (4, 'Laura', 'Martinez', 'laura.martinez@example.com', '321654987', 'contrasena4', 1),
  (5, 'Roberto', 'Lopez', 'roberto.lopez@example.com', '789123456', 'contrasena5', 2),
  -- Agrega los demás usuarios siguiendo el mismo formato
  (6, 'Ana', 'Gutierrez', 'ana.gutierrez@example.com', '111222333', 'contrasena6', 3),
  (7, 'Pedro', 'Diaz', 'pedro.diaz@example.com', '444555666', 'contrasena7', 1),
  (8, 'Sofia', 'Hernandez', 'sofia.hernandez@example.com', '777888999', 'contrasena8', 2),
  (9, 'Fernando', 'Cruz', 'fernando.cruz@example.com', '123987456', 'contrasena9', 3),
  (10, 'Isabel', 'Sanchez', 'isabel.sanchez@example.com', '654789321', 'contrasena10', 1),
  (11, 'Jorge', 'Ramirez', 'jorge.ramirez@example.com', '987123654', 'contrasena11', 2),
  (12, 'Carmen', 'Torres', 'carmen.torres@example.com', '321789456', 'contrasena12', 3),
  (13, 'Raul', 'Vargas', 'raul.vargas@example.com', '456123789', 'contrasena13', 1),
  (14, 'Marta', 'Luna', 'marta.luna@example.com', '789456321', 'contrasena14', 2),
  (15, 'Daniel', 'Mendoza', 'daniel.mendoza@example.com', '159357852', 'contrasena15', 3),
  (16, 'Patricia', 'Ortega', 'patricia.ortega@example.com', '753951852', 'contrasena16', 1),
  (17, 'Alejandro', 'Fuentes', 'alejandro.fuentes@example.com', '852147963', 'contrasena17', 2),
  (18, 'Luisa', 'Salgado', 'luisa.salgado@example.com', '369258147', 'contrasena18', 3),
  (19, 'Hector', 'Mendez', 'hector.mendez@example.com', '147852369', 'contrasena19', 1),
  (20, 'Elena', 'Ponce', 'elena.ponce@example.com', '258147963', 'contrasena20', 2);

INSERT INTO reserva (id_reservaciones, fecha_hora, personas)
VALUES
  (100, '01/01/2024 20:00', 5),
  (101, '01/01/2024 21:30', 8),

  (102, '01/01/2024 22:00', 2),
  (103, '01/01/2024 23:30', 4),

  (104, '02/01/2024 21:00', 4),
  (105, '02/01/2024 22:30', 7),

  (106, '02/01/2024 20:00', 9),
  (107, '02/01/2024 21:30', 1),

  (108, '03/01/2024 23:00', 5),

  (109, '03/01/2024 22:00', 3),
  (110, '03/01/2024 23:30', 4),

  (111, '04/01/2024 21:00', 6),
  (112, '04/01/2024 22:30', 2),

  (113, '04/01/2024 20:00', 4),
  (114, '04/01/2024 21:30', 7),

  (115, '05/01/2024 23:00', 9),
  (116, '05/01/2024 20:30', 1),

  (117, '05/01/2024 22:00', 5),
  (118, '05/01/2024 23:30', 4),

  (119, '06/01/2024 22:30', 3),
  (120, '06/01/2024 20:00', 6),

  (121, '06/01/2024 21:30', 2),
  (122, '06/01/2024 23:00', 4),

  (123, '07/01/2024 20:30', 7),
  (124, '07/01/2024 22:00', 9),

  (125, '07/01/2024 21:00', 1),
  (126, '07/01/2024 22:30', 5),

  (127, '08/01/2024 20:00', 8),
  (128, '08/01/2024 21:30', 3),

  (129, '08/01/2024 23:00', 6),
  (130, '08/01/2024 20:30', 2),

  (131, '09/01/2024 21:00', 4),
  (132, '09/01/2024 22:30', 7),

  (133, '09/01/2024 20:00', 9),
  (134, '09/01/2024 21:30', 1),

  (135, '10/01/2024 23:00', 5),
  (136, '10/01/2024 20:30', 8),

  (137, '10/01/2024 22:00', 3),
  (138, '10/01/2024 21:00', 6),

  (139, '11/01/2024 22:30', 2),
  (140, '11/01/2024 20:00', 4),

  (141, '11/01/2024 21:30', 7),
  (142, '11/01/2024 23:00', 9),

  (143, '12/01/2024 20:30', 1),
  (144, '12/01/2024 22:00', 5),

  (145, '12/01/2024 22:30', 8),
  (146, '12/01/2024 21:00', 6),

  (147, '13/01/2024 22:30', 3),
  (148, '13/01/2024 20:00', 6),

  (149, '13/01/2024 21:30', 2),
  (150, '13/01/2024 23:00', 4),
    (151, '14/01/2024 20:00', 8),
  (152, '14/01/2024 21:30', 3),

  (153, '14/01/2024 23:00', 6),
  (154, '15/01/2024 20:30', 2),

  (155, '15/01/2024 22:00', 4),
  (156, '15/01/2024 21:00', 7),

  (157, '16/01/2024 22:30', 9),
  (158, '16/01/2024 20:00', 1),

  (159, '17/01/2024 21:30', 5),
  (160, '17/01/2024 23:00', 8),

  (161, '17/01/2024 22:30', 3),
  (162, '17/01/2024 20:00', 6),

  (163, '18/01/2024 21:00', 2),
  (164, '18/01/2024 22:30', 4),

  (165, '18/01/2024 20:30', 7),
  (166, '19/01/2024 22:00', 9),

  (167, '19/01/2024 21:00', 1),
  (168, '19/01/2024 22:30', 5),

  (169, '20/01/2024 20:00', 8),
  (170, '20/01/2024 21:30', 3),

  (171, '20/01/2024 23:00', 6),
  (172, '20/01/2024 20:30', 2),

  (173, '21/01/2024 21:00', 4),
  (174, '21/01/2024 22:30', 7),

  (175, '21/01/2024 20:00', 9),
  (176, '21/01/2024 21:30', 1),

  (177, '22/01/2024 23:00', 5),
  (178, '22/01/2024 20:30', 8),

  (179, '22/01/2024 22:00', 3),
  (180, '23/01/2024 21:00', 6),

  (181, '23/01/2024 22:30', 2),
  (182, '23/01/2024 20:00', 4),

  (183, '24/01/2024 21:30', 7),
  (184, '24/01/2024 23:00', 9),

  (185, '24/01/2024 20:30', 1),
  (186, '25/01/2024 22:00', 5),

  (187, '25/01/2024 21:30', 8),
  (188, '25/01/2024 23:00', 3),

  (189, '26/01/2024 20:00', 6),
  (190, '26/01/2024 21:30', 2),

  (191, '26/01/2024 22:30', 4),
  (192, '27/01/2024 21:00', 7),

  (193, '27/01/2024 22:30', 9),
  (194, '27/01/2024 20:00', 1),

  (195, '28/01/2024 21:30', 5),
  (196, '28/01/2024 23:00', 8),

  (197, '28/01/2024 22:30', 3),
  (198, '29/01/2024 20:00', 6),

  (199, '29/01/2024 21:30', 2),
  (200, '29/01/2024 23:00', 4),
  (201, '02/01/2024 21:30', 8),

  (202, '03/01/2024 22:00', 2),
  (203, '04/01/2024 23:30', 4),

  (204, '05/01/2024 21:00', 4),
  (205, '06/01/2024 22:30', 7),

  (206, '07/01/2024 20:00', 9),
  (207, '08/01/2024 21:30', 1),

  (208, '09/01/2024 23:00', 5),
  (209, '10/01/2024 22:00', 3),

  (210, '11/01/2024 23:30', 4),
  (211, '12/01/2024 21:00', 6),

  (212, '13/01/2024 22:30', 2),
  (213, '14/01/2024 20:00', 4),

  (214, '15/01/2024 21:30', 7),
  (215, '16/01/2024 23:00', 9),

  (216, '17/01/2024 20:00', 1),
  (217, '18/01/2024 21:30', 5),

  (218, '19/01/2024 23:00', 8),
  (219, '20/01/2024 22:00', 3),

  (220, '21/01/2024 21:30', 2),
  (221, '22/01/2024 23:00', 4),

  (222, '23/01/2024 20:30', 7),
  (223, '24/01/2024 22:00', 9),

  (224, '25/01/2024 21:00', 1),
  (225, '26/01/2024 22:30', 5),

  (226, '27/01/2024 20:00', 8),
  (227, '28/01/2024 21:30', 3),

  (228, '29/01/2024 23:00', 6),
  (229, '30/01/2024 20:30', 2),

  (230, '31/01/2024 21:00', 4),
  (231, '01/01/2024 22:30', 7),

  (232, '02/01/2024 20:00', 9),
  (233, '03/01/2024 21:30', 1),

  (234, '04/01/2024 23:00', 5),
  (235, '05/01/2024 20:30', 8),

  (236, '06/01/2024 22:00', 3),
  (237, '07/01/2024 21:00', 6),

  (238, '08/01/2024 22:30', 2),
  (239, '09/01/2024 20:00', 4),

  (240, '10/01/2024 21:30', 7),
  (241, '11/01/2024 23:00', 9),

  (242, '12/01/2024 20:30', 1),
  (243, '13/01/2024 22:00', 5),

  (244, '14/01/2024 22:30', 8),
  (245, '15/01/2024 21:00', 6),

  (246, '16/01/2024 22:30', 3),
  (247, '17/01/2024 20:00', 6),

  (248, '18/01/2024 21:30', 2),
  (249, '19/01/2024 23:00', 4),

  (250, '20/01/2024 22:00', 7);
  
  INSERT INTO usuario_reserva (id_usuario, id_reservaciones)
VALUES
    (1, 100),
  (2, 101),
  (3, 102),
  (4, 103),
  (5, 104),
  (6, 105),
  (7, 106),
  (8, 107),
  (9, 108),
  (10, 109),
  (11, 110),
  (12, 111),
  (13, 112),
  (14, 113),
  (15, 114),
  (16, 115),
  (17, 116),
  (18, 117),
  (19, 118),
  (20, 119),
    (1, 120),
  (2, 121),
  (3, 122),
  (4, 123),
  (5, 124),
  (6, 125),
  (7, 126),
  (8, 127),
  (9, 128),
  (10, 129),
  (11, 130),
  (12, 131),
  (13, 132),
  (14, 133),
  (15, 134),
  (16, 135),
  (17, 136),
  (18, 137),
  (19, 138),
  (20, 139),
  (1, 140),
  (2, 141),
  (3, 142),
  (4, 143),
  (5, 144),
  (6, 145),
  (7, 146),
  (8, 147),
  (9, 148),
  (10, 149),
  (11, 150),
  (12, 151),
  (13, 152),
  (14, 153),
  (15, 154),
  (16, 155),
  (17, 156),
  (18, 157),
  (19, 158),
  (20, 159),
  (1, 160),
  (2, 161),
  (3, 162),
  (4, 163),
  (5, 164),
  (6, 165),
  (7, 166),
  (8, 167),
  (9, 168),
  (10, 169),
  (11, 170),
	(12, 171),
  (13, 172),
  (14, 173),
  (15, 174),
  (16, 175),
  (17, 176),
  (18, 177),
  (19, 178),
  (20, 179),
  (1, 180),
  (2, 181),
  (3, 182),
  (4, 183),
  (5, 184),
  (6, 185),
  (7, 186),
  (8, 187),
  (9, 188),
  (10, 189),
  (11, 190),
  (12, 191),
  (13, 192),
  (14, 193),
  (15, 194),
  (16, 195),
  (17, 196),
  (18, 197),
  (19, 198),
  (20, 199),
  (1, 200),
  (2, 201),
  (3, 202),
  (4, 203),
  (5, 204),
  (6, 205),
  (7, 206),
  (8, 207),
  (9, 208),
  (10, 209),
  (11, 210),
  (12, 211),
  (13, 212),
  (14, 213),
  (15, 214),
  (16, 215),
  (17, 216),
  (18, 217),
  (19, 218),
  (20, 219),
  (1, 220),
    (2, 221),
  (3, 222),
  (4, 223),
  (5, 224),
  (6, 225),
  (7, 226),
  (8, 227),
  (9, 228),
  (10, 229),
  (11, 230),
  (12, 231),
  (13, 232),
  (14, 233),
  (15, 234),
  (16, 235),
  (17, 236),
  (18, 237),
  (19, 238),
  (20, 239),
  (1, 240),
  (2, 241),
  (3, 242),
  (4, 243),
  (5, 244),
  (6, 245),
  (7, 246),
  (8, 247),
  (9, 248),
  (10, 249),
  (11, 250);

  